epoch,time,train/giou_loss,train/cls_loss,train/l1_loss,metrics/precision(B),metrics/recall(B),metrics/mAP50(B),metrics/mAP50-95(B),val/giou_loss,val/cls_loss,val/l1_loss,lr/pg0,lr/pg1,lr/pg2
1,175.579,0.58095,2.09316,0.42621,0.0728,0.42628,0.03249,0.02648,0.18182,2.69233,0.21601,5.71553e-05,5.71553e-05,5.71553e-05
2,331.836,0.38728,1.42671,0.26803,0.25565,0.63939,0.36909,0.32214,0.15845,1.40007,0.19184,0.000114469,0.000114469,0.000114469
3,488.739,0.35254,1.05071,0.23807,0.43044,0.73576,0.6115,0.5122,0.18559,1.01909,0.23043,0.000171705,0.000171705,0.000171705
4,645.069,0.32649,0.91772,0.22861,0.50806,0.79749,0.70879,0.63949,0.13766,0.9462,0.16896,0.000171738,0.000171738,0.000171738
5,801.637,0.31091,0.83148,0.21463,0.67327,0.81982,0.80424,0.74378,0.11676,0.71455,0.14165,0.000171534,0.000171534,0.000171534
6,958.484,0.293,0.74713,0.20403,0.75081,0.8378,0.87888,0.80247,0.12575,0.63132,0.16612,0.000171272,0.000171272,0.000171272
7,1114.98,0.29049,0.69838,0.19661,0.75986,0.8828,0.89222,0.78888,0.16029,0.58716,0.21483,0.000170952,0.000170952,0.000170952
8,1270.8,0.28439,0.64496,0.18638,0.82706,0.90252,0.93271,0.86042,0.11713,0.48356,0.15414,0.000170574,0.000170574,0.000170574
9,1427.26,0.27612,0.61953,0.19396,0.87791,0.88691,0.94356,0.84466,0.14119,0.48304,0.19599,0.000170139,0.000170139,0.000170139
10,1582.92,0.27256,0.5846,0.19117,0.90406,0.92196,0.9616,0.89628,0.10969,0.38128,0.13994,0.000169648,0.000169648,0.000169648
11,1739.91,0.26543,0.56074,0.18319,0.92169,0.92018,0.96701,0.89527,0.11512,0.37146,0.14885,0.000169099,0.000169099,0.000169099
12,1895.77,0.26108,0.53826,0.18087,0.91875,0.94235,0.97098,0.884,0.1293,0.38052,0.16828,0.000168494,0.000168494,0.000168494
13,2051.81,0.26469,0.52945,0.18583,0.9599,0.95033,0.97909,0.88995,0.13076,0.32464,0.17426,0.000167833,0.000167833,0.000167833
14,2207.37,0.25708,0.5076,0.17565,0.94675,0.95346,0.97376,0.90456,0.1142,0.31016,0.15057,0.000167116,0.000167116,0.000167116
15,2364.02,0.25214,0.50096,0.17341,0.96151,0.97317,0.98272,0.89132,0.13432,0.30834,0.18082,0.000166345,0.000166345,0.000166345
16,2519.87,0.25324,0.49642,0.17643,0.95268,0.96554,0.98015,0.89677,0.12206,0.30464,0.16008,0.000165519,0.000165519,0.000165519
17,2675.21,0.24702,0.48235,0.16984,0.9599,0.95277,0.97758,0.88566,0.13497,0.32482,0.17936,0.000164639,0.000164639,0.000164639
18,2831.09,0.25061,0.47831,0.16982,0.95032,0.95188,0.97127,0.87182,0.14191,0.34009,0.19223,0.000163706,0.000163706,0.000163706
19,2986.94,0.24246,0.46988,0.17109,0.95732,0.96001,0.97948,0.88985,0.13525,0.32157,0.18494,0.00016272,0.00016272,0.00016272
20,3142.83,0.2375,0.46443,0.15966,0.95799,0.96282,0.97965,0.89248,0.13028,0.3046,0.1755,0.000161682,0.000161682,0.000161682
21,3298.54,0.24464,0.46609,0.16867,0.95615,0.9528,0.97895,0.86341,0.15751,0.35115,0.21903,0.000160593,0.000160593,0.000160593
22,3455.08,0.24132,0.47104,0.16955,0.96578,0.97231,0.98299,0.90961,0.12087,0.26369,0.16174,0.000159454,0.000159454,0.000159454
23,3611.76,0.23711,0.44612,0.16142,0.96487,0.97172,0.98195,0.89472,0.13779,0.28743,0.19429,0.000158264,0.000158264,0.000158264
24,3767.67,0.24047,0.45092,0.16775,0.93952,0.96294,0.97527,0.87906,0.14116,0.31741,0.19121,0.000157026,0.000157026,0.000157026
25,3923.82,0.23724,0.43867,0.1627,0.95601,0.95992,0.97728,0.88781,0.13686,0.2997,0.18956,0.00015574,0.00015574,0.00015574
26,4080.35,0.23503,0.43924,0.15965,0.9652,0.968,0.98107,0.90491,0.12712,0.2711,0.16548,0.000154406,0.000154406,0.000154406
27,4236.22,0.23698,0.44755,0.16106,0.9703,0.9769,0.98303,0.89549,0.1335,0.27176,0.18316,0.000153026,0.000153026,0.000153026
28,4392.08,0.22995,0.42431,0.16024,0.96989,0.97766,0.98184,0.90544,0.1223,0.25964,0.16324,0.000151601,0.000151601,0.000151601
29,4548.05,0.22802,0.42834,0.16334,0.96938,0.97009,0.97988,0.91168,0.12041,0.25521,0.16313,0.000150131,0.000150131,0.000150131
30,4705,0.22858,0.42806,0.15914,0.96308,0.97052,0.9784,0.90552,0.12076,0.26339,0.15979,0.000148618,0.000148618,0.000148618
31,4860.99,0.22621,0.42197,0.15451,0.95707,0.97519,0.9826,0.9119,0.11791,0.26318,0.15616,0.000147063,0.000147063,0.000147063
32,5017.87,0.22661,0.434,0.15581,0.97044,0.97422,0.98175,0.88795,0.13875,0.28233,0.18778,0.000145467,0.000145467,0.000145467
33,5174.06,0.22217,0.41821,0.1559,0.97638,0.97187,0.98185,0.9141,0.11557,0.24802,0.1535,0.00014383,0.00014383,0.00014383
34,5331.09,0.22387,0.4117,0.1575,0.9668,0.97626,0.98002,0.89987,0.12809,0.26674,0.17905,0.000142154,0.000142154,0.000142154
35,5487.07,0.21634,0.41191,0.15165,0.96416,0.97537,0.97859,0.9064,0.1201,0.26282,0.1606,0.00014044,0.00014044,0.00014044
36,5642.65,0.21864,0.40416,0.1518,0.9727,0.96774,0.98125,0.90264,0.12776,0.25803,0.1748,0.00013869,0.00013869,0.00013869
37,5798.61,0.21686,0.40564,0.15445,0.96858,0.97517,0.98036,0.91504,0.11573,0.25235,0.15844,0.000136904,0.000136904,0.000136904
38,5955.95,0.21147,0.39602,0.14882,0.96452,0.97195,0.97724,0.88045,0.14632,0.28406,0.20398,0.000135084,0.000135084,0.000135084
39,6111.99,0.21299,0.40376,0.14576,0.97295,0.97845,0.98167,0.89943,0.13106,0.26448,0.1827,0.000133231,0.000133231,0.000133231
40,6267.85,0.20879,0.38755,0.14576,0.97265,0.98106,0.98072,0.90781,0.12408,0.26076,0.17235,0.000131346,0.000131346,0.000131346
41,6424.06,0.21421,0.40314,0.1468,0.97145,0.97921,0.98225,0.9064,0.12541,0.25726,0.16821,0.00012943,0.00012943,0.00012943
42,6580.39,0.20699,0.39546,0.14383,0.96225,0.98159,0.98007,0.90826,0.12262,0.26595,0.17272,0.000127485,0.000127485,0.000127485
43,6736.61,0.21311,0.40743,0.14883,0.96121,0.96156,0.97493,0.86696,0.15365,0.31072,0.21987,0.000125513,0.000125513,0.000125513
44,6892.77,0.20898,0.40434,0.14456,0.96149,0.953,0.97248,0.88695,0.13531,0.29747,0.18799,0.000123514,0.000123514,0.000123514
45,7049.05,0.20545,0.39719,0.14526,0.96231,0.97558,0.97463,0.87333,0.14866,0.29415,0.21079,0.00012149,0.00012149,0.00012149
46,7205.43,0.20632,0.38546,0.14186,0.9566,0.97051,0.97476,0.86527,0.15967,0.29972,0.23013,0.000119442,0.000119442,0.000119442
47,7361.29,0.208,0.39095,0.14471,0.96293,0.97843,0.97566,0.88012,0.14484,0.28424,0.21182,0.000117371,0.000117371,0.000117371
48,7517.66,0.20655,0.38495,0.14294,0.96873,0.97609,0.97941,0.86765,0.15883,0.29412,0.23197,0.00011528,0.00011528,0.00011528
49,7673.55,0.20655,0.38359,0.13936,0.96721,0.96547,0.9752,0.88276,0.14477,0.2865,0.20732,0.00011317,0.00011317,0.00011317
50,7829.78,0.20034,0.37844,0.14202,0.97516,0.98292,0.97883,0.87261,0.15546,0.29608,0.22435,0.000111041,0.000111041,0.000111041
51,7986,0.20215,0.38612,0.14177,0.97232,0.97931,0.98191,0.88088,0.15041,0.27773,0.21145,0.000108896,0.000108896,0.000108896
52,8142.43,0.19803,0.37533,0.13476,0.97982,0.98318,0.98116,0.87817,0.1515,0.27971,0.21863,0.000106736,0.000106736,0.000106736
53,8298.49,0.20088,0.38241,0.1379,0.96404,0.97998,0.97889,0.86446,0.16205,0.29319,0.2353,0.000104562,0.000104562,0.000104562
54,8454.83,0.2007,0.37965,0.14324,0.97619,0.98571,0.98017,0.86097,0.1685,0.29038,0.25007,0.000102376,0.000102376,0.000102376
55,8610.97,0.19561,0.37273,0.14143,0.96422,0.9791,0.97658,0.84635,0.17915,0.30849,0.26476,0.000100179,0.000100179,0.000100179
56,8767.2,0.19317,0.36588,0.13194,0.93768,0.97586,0.96728,0.85168,0.1694,0.3238,0.25252,9.7973e-05,9.7973e-05,9.7973e-05
57,8923.58,0.19234,0.36755,0.13301,0.96906,0.9837,0.97836,0.86798,0.16143,0.28664,0.2319,9.57596e-05,9.57596e-05,9.57596e-05
58,9080.46,0.19626,0.37091,0.13265,0.97137,0.97926,0.97835,0.87348,0.15061,0.28189,0.21184,9.354e-05,9.354e-05,9.354e-05
59,9236.64,0.1913,0.36192,0.13481,0.96584,0.9767,0.97722,0.87444,0.15345,0.29488,0.21899,9.13159e-05,9.13159e-05,9.13159e-05
60,9392.99,0.19143,0.35879,0.12994,0.96668,0.97871,0.97635,0.8819,0.14456,0.27973,0.20817,8.90887e-05,8.90887e-05,8.90887e-05
61,9549.24,0.19168,0.3653,0.13297,0.95838,0.98421,0.97512,0.87623,0.14662,0.2826,0.21241,8.686e-05,8.686e-05,8.686e-05
62,9705.65,0.18982,0.36384,0.13266,0.95283,0.97535,0.97122,0.86255,0.16097,0.29536,0.23225,8.46313e-05,8.46313e-05,8.46313e-05
