epoch,time,train/box_loss,train/seg_loss,train/cls_loss,train/dfl_loss,train/sem_loss,metrics/precision(B),metrics/recall(B),metrics/mAP50(B),metrics/mAP50-95(B),metrics/precision(M),metrics/recall(M),metrics/mAP50(M),metrics/mAP50-95(M),val/box_loss,val/seg_loss,val/cls_loss,val/dfl_loss,val/sem_loss,lr/pg0,lr/pg1,lr/pg2,lr/pg3,lr/pg4,lr/pg5,lr/pg6,lr/pg7
1,551.188,0.40749,0.78249,2.89908,0.9592,0,0.43862,0.73336,0.65023,0.63384,0.43779,0.72987,0.64628,0.64007,0.20762,0.29463,1.47216,0.85318,0,0.00599379,0.00199793,0.00599379,0.00199793,0.00599379,0.00199793,0.00599379,0.00199793
2,1053.84,0.40384,0.67442,1.75274,0.935,0,0.79527,0.80887,0.89265,0.87185,0.79312,0.80681,0.88822,0.87729,0.20487,0.29375,0.77189,0.81771,0,0.0119925,0.0039975,0.0119925,0.0039975,0.0119925,0.0039975,0.0119925,0.0039975
3,1537.04,0.43869,0.71258,1.51126,0.94762,0,0.76954,0.83947,0.88934,0.87051,0.76851,0.83741,0.88501,0.87512,0.22039,0.30191,0.87415,0.81173,0,0.017986,0.00599533,0.017986,0.00599533,0.017986,0.00599533,0.017986,0.00599533
4,2005.27,0.47133,0.74977,1.43274,0.95905,0,0.85018,0.83013,0.921,0.90068,0.84806,0.82807,0.91703,0.90254,0.2252,0.36676,0.63972,0.80334,0,0.0239704,0.00799012,0.0239704,0.00799012,0.0239704,0.00799012,0.0239704,0.00799012
5,2468.54,0.50321,0.81649,1.44187,0.97125,0,0.89427,0.83932,0.93343,0.91049,0.89249,0.83726,0.92946,0.91232,0.23869,0.34247,0.58754,0.8163,0,0.0299417,0.00998057,0.0299417,0.00998057,0.0299417,0.00998057,0.0299417,0.00998057
6,2927.33,0.50703,0.84983,1.3828,0.97246,0,0.90411,0.90879,0.96441,0.9442,0.90217,0.90674,0.96147,0.93919,0.22931,0.35342,0.46911,0.81299,0,0.0299187,0.00997288,0.0299187,0.00997288,0.0299187,0.00997288,0.0299187,0.00997288
7,3389.74,0.47471,0.80902,1.25519,0.96566,0,0.91023,0.93568,0.96339,0.9479,0.90805,0.93363,0.95994,0.94413,0.20418,0.33374,0.41901,0.79904,0,0.0298829,0.00996097,0.0298829,0.00996097,0.0298829,0.00996097,0.0298829,0.00996097
8,3853.6,0.45323,0.76556,1.13246,0.95487,0,0.93438,0.94717,0.97488,0.95943,0.93241,0.94511,0.97042,0.95822,0.19478,0.28588,0.46092,0.78407,0,0.0298407,0.0099469,0.0298407,0.0099469,0.0298407,0.0099469,0.0298407,0.0099469
9,4314.55,0.44104,0.75018,1.06373,0.95185,0,0.9396,0.95552,0.97737,0.96271,0.93764,0.95346,0.97374,0.96203,0.18533,0.27971,0.31218,0.78407,0,0.029792,0.00993068,0.029792,0.00993068,0.029792,0.00993068,0.029792,0.00993068
10,4779.43,0.43377,0.76774,1.03325,0.94946,0,0.95108,0.95565,0.97858,0.96732,0.94893,0.95359,0.9754,0.96464,0.17679,0.27801,0.28154,0.7817,0,0.029737,0.00991232,0.029737,0.00991232,0.029737,0.00991232,0.029737,0.00991232
11,5244.62,0.41061,0.70668,0.95603,0.93881,0,0.95628,0.95043,0.98032,0.96418,0.95428,0.94837,0.97672,0.96094,0.18304,0.2788,0.28364,0.79028,0,0.0296755,0.00989183,0.0296755,0.00989183,0.0296755,0.00989183,0.0296755,0.00989183
12,5712.47,0.40847,0.71055,0.93708,0.93836,0,0.94334,0.97049,0.98074,0.96905,0.94136,0.96843,0.97823,0.96712,0.17464,0.26396,0.26161,0.78165,0,0.0296076,0.00986922,0.0296076,0.00986922,0.0296076,0.00986922,0.0296076,0.00986922
13,6177.77,0.39651,0.67787,0.8777,0.93249,0,0.95125,0.96797,0.97837,0.9647,0.9493,0.96591,0.97517,0.96336,0.17476,0.26962,0.26868,0.78738,0,0.0295335,0.00984449,0.0295335,0.00984449,0.0295335,0.00984449,0.0295335,0.00984449
14,6643.79,0.38808,0.6566,0.86053,0.92872,0,0.94886,0.96943,0.98107,0.96829,0.94694,0.96737,0.97761,0.96695,0.16911,0.26181,0.23765,0.78285,0,0.029453,0.00981765,0.029453,0.00981765,0.029453,0.00981765,0.029453,0.00981765
15,7108.42,0.38614,0.66907,0.83902,0.92877,0,0.96362,0.96708,0.98193,0.97133,0.96171,0.96503,0.97864,0.97097,0.15613,0.25123,0.23115,0.77279,0,0.0293662,0.00978873,0.0293662,0.00978873,0.0293662,0.00978873,0.0293662,0.00978873
16,7573.85,0.37891,0.64456,0.81502,0.92161,0,0.96507,0.96871,0.98229,0.97052,0.96277,0.96674,0.97957,0.97081,0.15237,0.24652,0.22285,0.7727,0,0.0292732,0.00975773,0.0292732,0.00975773,0.0292732,0.00975773,0.0292732,0.00975773
17,8038.25,0.37508,0.62642,0.78921,0.91836,0,0.96999,0.97231,0.98114,0.97202,0.968,0.97025,0.97752,0.97069,0.15068,0.25575,0.20999,0.77268,0,0.029174,0.00972466,0.029174,0.00972466,0.029174,0.00972466,0.029174,0.00972466
18,8503.45,0.37124,0.63423,0.77041,0.9208,0,0.97433,0.96764,0.98127,0.97255,0.97215,0.96567,0.97837,0.97135,0.14722,0.25818,0.21372,0.77033,0,0.0290686,0.00968955,0.0290686,0.00968955,0.0290686,0.00968955,0.0290686,0.00968955
19,8968.76,0.36521,0.61696,0.75617,0.91634,0,0.96944,0.97615,0.98341,0.97484,0.96726,0.97434,0.98061,0.9736,0.14835,0.25149,0.19896,0.77216,0,0.0289572,0.00965239,0.0289572,0.00965239,0.0289572,0.00965239,0.0289572,0.00965239
20,9434.07,0.36191,0.61683,0.74339,0.91268,0,0.97258,0.96891,0.98309,0.97602,0.97057,0.96685,0.98015,0.97503,0.14312,0.2306,0.20173,0.76858,0,0.0288397,0.00961322,0.0288397,0.00961322,0.0288397,0.00961322,0.0288397,0.00961322
21,9897.24,0.35834,0.60845,0.72319,0.91531,0,0.97125,0.97602,0.9832,0.97483,0.96928,0.97396,0.98049,0.97322,0.14197,0.24746,0.19591,0.77001,0,0.0287162,0.00957205,0.0287162,0.00957205,0.0287162,0.00957205,0.0287162,0.00957205
22,10363.5,0.35736,0.60155,0.72467,0.91099,0,0.96651,0.97189,0.98568,0.97539,0.9645,0.96984,0.98229,0.97431,0.13751,0.25063,0.19271,0.76998,0,0.0285867,0.00952889,0.0285867,0.00952889,0.0285867,0.00952889,0.0285867,0.00952889
23,10830.2,0.35107,0.59129,0.69803,0.91363,0,0.97415,0.98319,0.98406,0.97584,0.97215,0.98113,0.98035,0.97443,0.13243,0.23822,0.17638,0.76442,0,0.0284513,0.00948377,0.0284513,0.00948377,0.0284513,0.00948377,0.0284513,0.00948377
24,11296.4,0.35569,0.60617,0.70268,0.91205,0,0.97601,0.97948,0.98625,0.97796,0.974,0.97742,0.98263,0.9777,0.13529,0.23237,0.1771,0.76236,0,0.0283101,0.00943671,0.0283101,0.00943671,0.0283101,0.00943671,0.0283101,0.00943671
25,11762.7,0.34813,0.58716,0.68837,0.9074,0,0.97548,0.97309,0.984,0.97535,0.97348,0.97103,0.9806,0.97584,0.13392,0.24346,0.17414,0.76417,0,0.0281632,0.00938772,0.0281632,0.00938772,0.0281632,0.00938772,0.0281632,0.00938772
26,12229.8,0.3461,0.5876,0.68558,0.90884,0,0.97182,0.98151,0.98451,0.97611,0.96988,0.97969,0.98123,0.97535,0.13068,0.23513,0.17809,0.76309,0,0.0280105,0.00933683,0.0280105,0.00933683,0.0280105,0.00933683,0.0280105,0.00933683
27,12696.2,0.34673,0.58009,0.68685,0.91181,0,0.9752,0.9776,0.98433,0.97641,0.9731,0.97564,0.98046,0.97529,0.1319,0.23505,0.17107,0.76323,0,0.0278522,0.00928405,0.0278522,0.00928405,0.0278522,0.00928405,0.0278522,0.00928405
28,13162.8,0.34097,0.58266,0.66407,0.9079,0,0.97001,0.9792,0.98676,0.97802,0.96799,0.97715,0.98307,0.97816,0.13329,0.22678,0.16781,0.76205,0,0.0276883,0.00922942,0.0276883,0.00922942,0.0276883,0.00922942,0.0276883,0.00922942
29,13629.9,0.33341,0.56007,0.64685,0.90063,0,0.97743,0.98384,0.98436,0.97653,0.97543,0.98178,0.98158,0.97595,0.13172,0.22182,0.16328,0.76428,0,0.0275189,0.00917296,0.0275189,0.00917296,0.0275189,0.00917296,0.0275189,0.00917296
30,14096.8,0.3441,0.57548,0.66128,0.90751,0,0.97067,0.98021,0.98136,0.97313,0.96867,0.97815,0.97812,0.97299,0.13367,0.23331,0.17207,0.76656,0,0.0273441,0.00911469,0.0273441,0.00911469,0.0273441,0.00911469,0.0273441,0.00911469
31,14563.2,0.3391,0.5614,0.64738,0.90885,0,0.9752,0.97991,0.98406,0.97496,0.97308,0.97794,0.98044,0.97466,0.12953,0.23165,0.16759,0.76554,0,0.0271639,0.00905463,0.0271639,0.00905463,0.0271639,0.00905463,0.0271639,0.00905463
32,15029.2,0.336,0.57839,0.63115,0.90476,0,0.97404,0.97576,0.98358,0.97588,0.97203,0.97371,0.98057,0.97623,0.12651,0.2293,0.1647,0.76635,0,0.0269785,0.00899282,0.0269785,0.00899282,0.0269785,0.00899282,0.0269785,0.00899282
33,15495.4,0.33032,0.55414,0.62899,0.90194,0,0.97936,0.98046,0.98383,0.97422,0.97737,0.97858,0.98076,0.97535,0.12668,0.23958,0.15366,0.76559,0,0.0267878,0.00892928,0.0267878,0.00892928,0.0267878,0.00892928,0.0267878,0.00892928
34,15963.5,0.33393,0.5524,0.62794,0.90239,0,0.9721,0.98028,0.98299,0.9754,0.97115,0.97938,0.98022,0.97527,0.1252,0.23808,0.16104,0.76347,0,0.0265921,0.00886404,0.0265921,0.00886404,0.0265921,0.00886404,0.0265921,0.00886404
35,16431.9,0.32864,0.53767,0.60281,0.90049,0,0.97515,0.97768,0.9845,0.97751,0.97439,0.97653,0.98231,0.97865,0.12493,0.24047,0.15958,0.76469,0,0.0263914,0.00879713,0.0263914,0.00879713,0.0263914,0.00879713,0.0263914,0.00879713
36,16898.2,0.32205,0.54182,0.59664,0.89753,0,0.97965,0.98016,0.98182,0.97456,0.97775,0.97963,0.97896,0.9739,0.12173,0.22832,0.15039,0.76278,0,0.0261857,0.00872857,0.0261857,0.00872857,0.0261857,0.00872857,0.0261857,0.00872857
37,17365,0.32758,0.53531,0.59887,0.89811,0,0.97734,0.98079,0.98376,0.97576,0.97562,0.97937,0.98125,0.97669,0.12341,0.23183,0.14692,0.7647,0,0.0259752,0.00865839,0.0259752,0.00865839,0.0259752,0.00865839,0.0259752,0.00865839
38,17832.6,0.32347,0.53236,0.58705,0.89365,0,0.97878,0.97684,0.98432,0.9741,0.97683,0.97507,0.98099,0.97583,0.1262,0.22254,0.15513,0.76353,0,0.0257599,0.00858664,0.0257599,0.00858664,0.0257599,0.00858664,0.0257599,0.00858664
39,18297.1,0.3224,0.53505,0.58405,0.89875,0,0.97625,0.98359,0.98412,0.97534,0.97423,0.98153,0.98038,0.97546,0.12112,0.22687,0.15342,0.76358,0,0.02554,0.00851333,0.02554,0.00851333,0.02554,0.00851333,0.02554,0.00851333
40,18764.7,0.32229,0.53918,0.58428,0.89716,0,0.98042,0.98146,0.98241,0.9755,0.97839,0.9794,0.97924,0.97396,0.11923,0.23515,0.14521,0.7625,0,0.0253155,0.00843851,0.0253155,0.00843851,0.0253155,0.00843851,0.0253155,0.00843851
41,19232.1,0.31707,0.52454,0.57393,0.8962,0,0.97311,0.98331,0.98326,0.9755,0.97114,0.98125,0.9808,0.97644,0.12154,0.23097,0.15053,0.76621,0,0.0250866,0.0083622,0.0250866,0.0083622,0.0250866,0.0083622,0.0250866,0.0083622
42,19699.1,0.32386,0.53499,0.5815,0.89984,0,0.9823,0.98208,0.98317,0.97377,0.98027,0.98002,0.98,0.97622,0.12397,0.23822,0.15063,0.76529,0,0.0248533,0.00828443,0.0248533,0.00828443,0.0248533,0.00828443,0.0248533,0.00828443
43,20165.9,0.3179,0.53218,0.57121,0.89456,0,0.97707,0.97867,0.98253,0.9756,0.97509,0.97661,0.97914,0.97401,0.11691,0.23133,0.14414,0.76148,0,0.0246157,0.00820525,0.0246157,0.00820525,0.0246157,0.00820525,0.0246157,0.00820525
44,20633.2,0.31576,0.51785,0.5615,0.89602,0,0.98064,0.98208,0.98287,0.97601,0.97854,0.98011,0.98015,0.97598,0.11918,0.23173,0.14061,0.76536,0,0.024374,0.00812468,0.024374,0.00812468,0.024374,0.00812468,0.024374,0.00812468
45,21100.4,0.31393,0.5326,0.55785,0.89477,0,0.98108,0.98291,0.98576,0.97775,0.97906,0.98085,0.98349,0.97911,0.11806,0.23001,0.14084,0.76165,0,0.0241283,0.00804277,0.0241283,0.00804277,0.0241283,0.00804277,0.0241283,0.00804277
46,21567.8,0.31481,0.52516,0.55971,0.89257,0,0.97973,0.98487,0.9855,0.97752,0.9777,0.98281,0.98301,0.97907,0.11801,0.2263,0.14266,0.76274,0,0.0238786,0.00795954,0.0238786,0.00795954,0.0238786,0.00795954,0.0238786,0.00795954
47,22035.1,0.30789,0.50562,0.55014,0.89062,0,0.98224,0.98195,0.98292,0.97619,0.97999,0.97996,0.98017,0.97578,0.11154,0.21961,0.13681,0.75971,0,0.0236251,0.00787503,0.0236251,0.00787503,0.0236251,0.00787503,0.0236251,0.00787503
48,22503,0.31091,0.51999,0.54656,0.89309,0,0.98265,0.9837,0.98459,0.97645,0.98061,0.98164,0.98165,0.97664,0.11401,0.22183,0.13579,0.76133,0,0.0233679,0.00778929,0.0233679,0.00778929,0.0233679,0.00778929,0.0233679,0.00778929
49,22970.8,0.30973,0.51471,0.53693,0.89407,0,0.97949,0.98459,0.98544,0.97916,0.97747,0.98253,0.98251,0.9782,0.10972,0.22079,0.13208,0.75962,0,0.023107,0.00770234,0.023107,0.00770234,0.023107,0.00770234,0.023107,0.00770234
50,23439.7,0.30773,0.50699,0.53748,0.88978,0,0.98376,0.98251,0.98418,0.9783,0.98179,0.98083,0.98204,0.97779,0.11181,0.21934,0.13099,0.75844,0,0.0228427,0.00761423,0.0228427,0.00761423,0.0228427,0.00761423,0.0228427,0.00761423
51,23908.1,0.30889,0.51525,0.53957,0.89215,0,0.98081,0.98409,0.9853,0.97945,0.97879,0.98203,0.98281,0.97834,0.11254,0.21455,0.13364,0.76168,0,0.022575,0.007525,0.022575,0.007525,0.022575,0.007525,0.022575,0.007525
52,24375.6,0.30651,0.49901,0.52352,0.88834,0,0.97921,0.97812,0.98192,0.97629,0.97718,0.97606,0.9792,0.97532,0.1097,0.22386,0.14355,0.75736,0,0.022304,0.00743468,0.022304,0.00743468,0.022304,0.00743468,0.022304,0.00743468
53,24843.6,0.3071,0.51332,0.52969,0.89077,0,0.97882,0.98286,0.98517,0.97858,0.97589,0.98303,0.98239,0.9781,0.10741,0.21796,0.13304,0.75762,0,0.0220299,0.00734332,0.0220299,0.00734332,0.0220299,0.00734332,0.0220299,0.00734332
54,25312.1,0.30727,0.50866,0.51807,0.89027,0,0.97853,0.9833,0.98443,0.97781,0.97725,0.98269,0.98161,0.97803,0.10771,0.22852,0.13413,0.75469,0,0.0217528,0.00725094,0.0217528,0.00725094,0.0217528,0.00725094,0.0217528,0.00725094
55,25778.9,0.30426,0.50362,0.51492,0.89106,0,0.98476,0.98485,0.98327,0.97581,0.98272,0.98279,0.98078,0.9772,0.10735,0.2284,0.1264,0.75645,0,0.0214728,0.00715761,0.0214728,0.00715761,0.0214728,0.00715761,0.0214728,0.00715761
56,26245.5,0.30519,0.49316,0.52023,0.88674,0,0.97987,0.98334,0.98548,0.97868,0.97786,0.98128,0.98295,0.97919,0.10349,0.21976,0.12979,0.75328,0,0.02119,0.00706335,0.02119,0.00706335,0.02119,0.00706335,0.02119,0.00706335
57,26714,0.29912,0.48839,0.50077,0.88438,0,0.98487,0.98241,0.98333,0.97678,0.98284,0.98035,0.98061,0.97675,0.1055,0.22262,0.12552,0.75341,0,0.0209046,0.0069682,0.0209046,0.0069682,0.0209046,0.0069682,0.0209046,0.0069682
58,27182.2,0.29884,0.49096,0.50478,0.88741,0,0.98233,0.98509,0.98411,0.97609,0.98032,0.98303,0.98072,0.97698,0.10739,0.22251,0.12622,0.75576,0,0.0206166,0.00687222,0.0206166,0.00687222,0.0206166,0.00687222,0.0206166,0.00687222
59,27650.7,0.29782,0.49809,0.50855,0.89067,0,0.98079,0.98289,0.98504,0.97641,0.97866,0.98092,0.98232,0.97762,0.10878,0.21764,0.13026,0.75893,0,0.0203263,0.00677543,0.0203263,0.00677543,0.0203263,0.00677543,0.0203263,0.00677543
60,28126.8,0.2984,0.48441,0.50259,0.88587,0,0.98206,0.98308,0.98482,0.97599,0.98003,0.98102,0.98143,0.97778,0.10727,0.22689,0.12601,0.75816,0,0.0200337,0.00667789,0.0200337,0.00667789,0.0200337,0.00667789,0.0200337,0.00667789
61,28565.8,0.30118,0.49115,0.49928,0.8854,0,0.97948,0.9845,0.985,0.97731,0.97745,0.98245,0.98218,0.9783,0.10724,0.22347,0.12682,0.75748,0,0.0197389,0.00657963,0.0197389,0.00657963,0.0197389,0.00657963,0.0197389,0.00657963
62,29000.3,0.29946,0.49817,0.49421,0.88599,0,0.98162,0.98326,0.98568,0.97766,0.97959,0.9812,0.98296,0.97854,0.10568,0.22085,0.12631,0.75446,0,0.0194421,0.00648071,0.0194421,0.00648071,0.0194421,0.00648071,0.0194421,0.00648071
63,29535.4,0.29444,0.49003,0.49643,0.88348,0,0.98362,0.9833,0.98467,0.97733,0.98159,0.98124,0.98127,0.97712,0.103,0.21799,0.12392,0.75709,0,0.0191435,0.00638115,0.0191435,0.00638115,0.0191435,0.00638115,0.0191435,0.00638115
64,29901.7,0.29963,0.48872,0.49043,0.88845,0,0.98247,0.98205,0.98564,0.97814,0.98034,0.98005,0.98178,0.97694,0.10326,0.21569,0.12552,0.75763,0,0.018843,0.00628101,0.018843,0.00628101,0.018843,0.00628101,0.018843,0.00628101
65,30187,0.29449,0.48085,0.49051,0.88409,0,0.98321,0.98481,0.98579,0.97918,0.98117,0.98275,0.9824,0.97923,0.10275,0.21763,0.12133,0.75773,0,0.018541,0.00618034,0.018541,0.00618034,0.018541,0.00618034,0.018541,0.00618034
66,30479.2,0.29454,0.49286,0.48341,0.88297,0,0.98134,0.98525,0.98547,0.97849,0.97932,0.98319,0.98185,0.97784,0.10283,0.21816,0.12149,0.75572,0,0.0182375,0.00607916,0.0182375,0.00607916,0.0182375,0.00607916,0.0182375,0.00607916
67,30771.6,0.29318,0.47567,0.46743,0.87995,0,0.98173,0.98421,0.98398,0.97728,0.97971,0.98215,0.98072,0.97778,0.10239,0.23169,0.12356,0.75284,0,0.0179326,0.00597754,0.0179326,0.00597754,0.0179326,0.00597754,0.0179326,0.00597754
68,31065.1,0.29421,0.48851,0.48057,0.88417,0,0.98131,0.98502,0.98512,0.97853,0.97929,0.98296,0.98281,0.97969,0.10317,0.22974,0.11959,0.7568,0,0.0176265,0.00587551,0.0176265,0.00587551,0.0176265,0.00587551,0.0176265,0.00587551
69,31358.6,0.29053,0.47184,0.47185,0.88187,0,0.97882,0.98598,0.9843,0.97762,0.97681,0.98392,0.98179,0.97788,0.1015,0.22578,0.12024,0.75598,0,0.0173193,0.00577311,0.0173193,0.00577311,0.0173193,0.00577311,0.0173193,0.00577311
70,31665.2,0.28964,0.4681,0.46861,0.8824,0,0.97745,0.98454,0.98585,0.97963,0.97535,0.98254,0.98223,0.97927,0.1011,0.22511,0.11804,0.75533,0,0.0170112,0.0056704,0.0170112,0.0056704,0.0170112,0.0056704,0.0170112,0.0056704
71,31979.6,0.28603,0.46367,0.46168,0.87829,0,0.97677,0.98551,0.98588,0.97952,0.97477,0.98345,0.98248,0.97965,0.09894,0.22145,0.11986,0.75267,0,0.0167022,0.00556742,0.0167022,0.00556742,0.0167022,0.00556742,0.0167022,0.00556742
72,32292.6,0.29082,0.47474,0.46148,0.88146,0,0.98365,0.98123,0.98445,0.97806,0.98163,0.97918,0.98083,0.97781,0.09879,0.21992,0.11882,0.75313,0,0.0163926,0.00546421,0.0163926,0.00546421,0.0163926,0.00546421,0.0163926,0.00546421
73,32604.5,0.2869,0.46714,0.45579,0.88151,0,0.98116,0.98518,0.9829,0.97647,0.97914,0.98313,0.97904,0.97588,0.09992,0.2195,0.1196,0.75326,0,0.0160824,0.00536081,0.0160824,0.00536081,0.0160824,0.00536081,0.0160824,0.00536081
74,32915.4,0.2875,0.46882,0.456,0.8821,0,0.97537,0.98494,0.98214,0.97529,0.97338,0.98288,0.97828,0.97428,0.09846,0.22146,0.12186,0.75302,0,0.0157719,0.00525728,0.0157719,0.00525728,0.0157719,0.00525728,0.0157719,0.00525728
75,33226,0.28319,0.46107,0.44743,0.8767,0,0.98039,0.98085,0.98287,0.97628,0.97838,0.9788,0.97993,0.97601,0.09899,0.22327,0.12162,0.7543,0,0.015461,0.00515366,0.015461,0.00515366,0.015461,0.00515366,0.015461,0.00515366
76,33537.1,0.28137,0.46525,0.43663,0.87812,0,0.98173,0.97963,0.98302,0.97625,0.97964,0.97764,0.98063,0.97624,0.10057,0.2227,0.11952,0.75674,0,0.01515,0.00505,0.01515,0.00505,0.01515,0.00505,0.01515,0.00505
77,33847.9,0.28106,0.47168,0.44592,0.87903,0,0.98103,0.9819,0.98378,0.97685,0.97875,0.9803,0.98099,0.97708,0.09864,0.22188,0.11552,0.75481,0,0.014839,0.00494634,0.014839,0.00494634,0.014839,0.00494634,0.014839,0.00494634
78,34158.8,0.28035,0.46105,0.44703,0.87761,0,0.97961,0.98358,0.9842,0.97706,0.97741,0.98188,0.9807,0.97635,0.09849,0.22397,0.11234,0.75552,0,0.0145281,0.00484272,0.0145281,0.00484272,0.0145281,0.00484272,0.0145281,0.00484272
79,34470,0.28262,0.45349,0.45079,0.8802,0,0.97892,0.98476,0.98473,0.97827,0.97666,0.98297,0.98146,0.9781,0.09788,0.22169,0.11342,0.75432,0,0.0142176,0.00473919,0.0142176,0.00473919,0.0142176,0.00473919,0.0142176,0.00473919
80,34781.2,0.27886,0.45116,0.43368,0.87699,0,0.98031,0.98496,0.98485,0.97859,0.97813,0.98326,0.98152,0.9781,0.0984,0.21951,0.11405,0.75515,0,0.0139074,0.00463579,0.0139074,0.00463579,0.0139074,0.00463579,0.0139074,0.00463579
81,35091.8,0.27793,0.44992,0.43634,0.87421,0,0.97824,0.98407,0.98444,0.97798,0.97613,0.98246,0.98065,0.97705,0.09852,0.21645,0.11685,0.75431,0,0.0135978,0.00453258,0.0135978,0.00453258,0.0135978,0.00453258,0.0135978,0.00453258
82,35402.6,0.27974,0.4494,0.43893,0.87569,0,0.98074,0.98434,0.98594,0.97897,0.97872,0.98228,0.98209,0.979,0.09865,0.216,0.11247,0.75251,0,0.0132888,0.0044296,0.0132888,0.0044296,0.0132888,0.0044296,0.0132888,0.0044296
83,35713.1,0.27409,0.44765,0.42804,0.87541,0,0.97932,0.98509,0.98434,0.97816,0.9773,0.98303,0.9814,0.97849,0.0974,0.21502,0.11544,0.7535,0,0.0129807,0.00432689,0.0129807,0.00432689,0.0129807,0.00432689,0.0129807,0.00432689
84,36023.3,0.27789,0.45652,0.43173,0.87907,0,0.97777,0.98527,0.98482,0.97798,0.97575,0.98321,0.9812,0.9782,0.09699,0.21556,0.11571,0.75345,0,0.0126735,0.00422449,0.0126735,0.00422449,0.0126735,0.00422449,0.0126735,0.00422449
85,36332.7,0.27353,0.43472,0.42181,0.87567,0,0.9773,0.98565,0.98573,0.97927,0.97528,0.98359,0.98187,0.97879,0.0962,0.21582,0.11361,0.75351,0,0.0123674,0.00412246,0.0123674,0.00412246,0.0123674,0.00412246,0.0123674,0.00412246
86,36642.4,0.27091,0.4348,0.41704,0.87304,0,0.97843,0.98614,0.98514,0.97839,0.97641,0.98408,0.98151,0.9783,0.09573,0.21765,0.11173,0.75299,0,0.0120625,0.00402084,0.0120625,0.00402084,0.0120625,0.00402084,0.0120625,0.00402084
87,36953.2,0.27316,0.43472,0.42306,0.87434,0,0.97868,0.98634,0.98606,0.97972,0.97666,0.98428,0.98244,0.97945,0.09535,0.21773,0.10701,0.75283,0,0.011759,0.00391966,0.011759,0.00391966,0.011759,0.00391966,0.011759,0.00391966
88,37260.9,0.27247,0.44119,0.41942,0.87682,0,0.97843,0.98678,0.98547,0.9789,0.97641,0.98472,0.98184,0.97804,0.09562,0.21839,0.10962,0.75312,0,0.011457,0.00381899,0.011457,0.00381899,0.011457,0.00381899,0.011457,0.00381899
89,37567.3,0.27243,0.44182,0.40891,0.87142,0,0.97826,0.98661,0.98525,0.9793,0.97624,0.98455,0.98163,0.97763,0.09525,0.21928,0.10874,0.75298,0,0.0111565,0.00371885,0.0111565,0.00371885,0.0111565,0.00371885,0.0111565,0.00371885
90,37872,0.27091,0.43822,0.41284,0.87537,0,0.98016,0.98634,0.98509,0.97913,0.97813,0.98429,0.9817,0.9782,0.09505,0.21936,0.1096,0.75305,0,0.0108579,0.00361929,0.0108579,0.00361929,0.0108579,0.00361929,0.0108579,0.00361929
91,38175.3,0.26878,0.42861,0.41188,0.87246,0,0.97928,0.98624,0.98593,0.97989,0.97726,0.98418,0.98277,0.97901,0.09544,0.21892,0.1135,0.75277,0,0.0105611,0.00352037,0.0105611,0.00352037,0.0105611,0.00352037,0.0105611,0.00352037
92,38480,0.26942,0.42986,0.40618,0.8743,0,0.97906,0.98562,0.98529,0.97897,0.97704,0.98356,0.98189,0.97861,0.09567,0.21548,0.11155,0.75337,0,0.0102663,0.00342211,0.0102663,0.00342211,0.0102663,0.00342211,0.0102663,0.00342211
93,38782.1,0.27057,0.44421,0.40889,0.87215,0,0.97896,0.98561,0.98589,0.97925,0.97694,0.98356,0.9825,0.9793,0.09632,0.21451,0.11102,0.75328,0,0.00997371,0.00332457,0.00997371,0.00332457,0.00997371,0.00332457,0.00997371,0.00332457
94,39083.9,0.27284,0.42603,0.3995,0.87296,0,0.98019,0.98392,0.9855,0.97865,0.97816,0.98186,0.98187,0.97875,0.09645,0.21544,0.11494,0.7531,0,0.00968335,0.00322778,0.00968335,0.00322778,0.00968335,0.00322778,0.00968335,0.00322778
95,39387.3,0.26808,0.43449,0.39712,0.871,0,0.97985,0.98359,0.98536,0.97863,0.97783,0.98154,0.9815,0.97795,0.09598,0.21624,0.11431,0.75285,0,0.00939539,0.0031318,0.00939539,0.0031318,0.00939539,0.0031318,0.00939539,0.0031318
96,39692.9,0.2678,0.4331,0.4017,0.87472,0,0.97698,0.98494,0.98575,0.97872,0.97496,0.98289,0.98189,0.97775,0.09584,0.21572,0.11431,0.75207,0,0.00910996,0.00303665,0.00910996,0.00303665,0.00910996,0.00303665,0.00910996,0.00303665
97,39998.7,0.26426,0.42535,0.38816,0.86882,0,0.97895,0.98485,0.98553,0.97852,0.97693,0.9828,0.98191,0.97796,0.09565,0.21618,0.11407,0.75206,0,0.00882718,0.00294239,0.00882718,0.00294239,0.00882718,0.00294239,0.00882718,0.00294239
98,40332.1,0.26509,0.42239,0.39188,0.87139,0,0.97983,0.98461,0.98503,0.97805,0.97781,0.98255,0.98141,0.97719,0.09523,0.2177,0.11448,0.75264,0,0.00854717,0.00284906,0.00854717,0.00284906,0.00854717,0.00284906,0.00854717,0.00284906
99,41236.5,0.26585,0.43572,0.38512,0.87213,0,0.98033,0.98468,0.98501,0.97852,0.9783,0.98262,0.98138,0.97709,0.0947,0.21886,0.11373,0.75253,0,0.00827005,0.00275668,0.00827005,0.00275668,0.00827005,0.00275668,0.00827005,0.00275668
100,41531.4,0.25904,0.40916,0.37979,0.86913,0,0.98057,0.98563,0.98453,0.97787,0.97854,0.98357,0.98091,0.97698,0.0949,0.22038,0.11208,0.75269,0,0.00799596,0.00266532,0.00799596,0.00266532,0.00799596,0.00266532,0.00799596,0.00266532
101,41821.1,0.25936,0.40757,0.38096,0.8658,0,0.98059,0.98583,0.98467,0.97788,0.97856,0.98377,0.98105,0.97701,0.09472,0.2217,0.11059,0.75273,0,0.007725,0.002575,0.007725,0.002575,0.007725,0.002575,0.007725,0.002575
