epoch,time,train/box_loss,train/seg_loss,train/cls_loss,train/dfl_loss,train/sem_loss,metrics/precision(B),metrics/recall(B),metrics/mAP50(B),metrics/mAP50-95(B),metrics/precision(M),metrics/recall(M),metrics/mAP50(M),metrics/mAP50-95(M),val/box_loss,val/seg_loss,val/cls_loss,val/dfl_loss,val/sem_loss,lr/pg0,lr/pg1,lr/pg2
1,127.197,0.33718,0.60676,0.86377,0.9131,0,0.97385,0.96687,0.98526,0.97349,0.9718,0.96489,0.98186,0.97407,0.12918,0.23295,0.17959,0.77069,0,5.71553e-05,5.71553e-05,5.71553e-05
2,249.631,0.32218,0.54637,0.75753,0.90701,0,0.96523,0.95922,0.98333,0.97276,0.9631,0.95723,0.97971,0.97232,0.13616,0.23552,0.19712,0.77199,0,0.000114469,0.000114469,0.000114469
3,369.064,0.32545,0.51836,0.78334,0.90265,0,0.96225,0.96251,0.98252,0.9707,0.96038,0.96045,0.97936,0.97098,0.14546,0.23635,0.21737,0.77832,0,0.000171705,0.000171705,0.000171705
4,487.922,0.33488,0.56043,0.76735,0.90823,0,0.95006,0.95795,0.98253,0.96905,0.94831,0.95601,0.97913,0.97018,0.15678,0.24345,0.23625,0.78081,0,0.000171738,0.000171738,0.000171738
5,606.771,0.32984,0.5153,0.76623,0.89931,0,0.96579,0.96316,0.98034,0.96686,0.9638,0.96111,0.97672,0.9699,0.16319,0.26091,0.21341,0.78564,0,0.000171534,0.000171534,0.000171534
6,725.721,0.32952,0.52583,0.76609,0.9022,0,0.97249,0.96846,0.98286,0.97114,0.97042,0.96649,0.98014,0.97098,0.14943,0.2476,0.21182,0.78499,0,0.000171272,0.000171272,0.000171272
7,844.804,0.3266,0.54225,0.72161,0.89797,0,0.96592,0.97079,0.98391,0.96939,0.96425,0.96874,0.98059,0.97251,0.16372,0.23488,0.20649,0.78594,0,0.000170952,0.000170952,0.000170952
8,963.757,0.32814,0.5419,0.73768,0.89911,0,0.96728,0.96176,0.98339,0.9698,0.96509,0.95994,0.97976,0.97131,0.15695,0.24584,0.20589,0.78502,0,0.000170574,0.000170574,0.000170574
9,1083.54,0.32481,0.52376,0.70891,0.89926,0,0.97027,0.96499,0.98471,0.97321,0.96811,0.96306,0.98109,0.9746,0.16111,0.24256,0.21255,0.78151,0,0.000170139,0.000170139,0.000170139
10,1203.23,0.32631,0.55577,0.70529,0.90195,0,0.95214,0.96668,0.98153,0.97058,0.95017,0.96463,0.97866,0.97117,0.15226,0.23501,0.20992,0.78036,0,0.000169648,0.000169648,0.000169648
11,1323.05,0.32529,0.50625,0.69415,0.90142,0,0.96467,0.96946,0.98266,0.97144,0.96277,0.9674,0.9804,0.97401,0.15351,0.24537,0.20564,0.78003,0,0.000169099,0.000169099,0.000169099
12,1443.67,0.32519,0.54105,0.69047,0.89755,0,0.96561,0.97243,0.98426,0.97161,0.96365,0.97038,0.98064,0.97085,0.15938,0.24588,0.19994,0.79181,0,0.000168494,0.000168494,0.000168494
13,1563.71,0.33492,0.55375,0.71081,0.9039,0,0.96515,0.96225,0.98219,0.96759,0.96321,0.96019,0.97857,0.96999,0.15647,0.25282,0.2187,0.7849,0,0.000167833,0.000167833,0.000167833
14,1682.93,0.3113,0.52372,0.65345,0.89095,0,0.9652,0.97428,0.98211,0.96842,0.96322,0.97222,0.97849,0.97091,0.15359,0.24177,0.20472,0.78449,0,0.000167116,0.000167116,0.000167116
15,1801.37,0.31841,0.51663,0.66657,0.89423,0,0.96713,0.96633,0.98361,0.9721,0.96514,0.96427,0.98089,0.97331,0.15866,0.25141,0.21076,0.78712,0,0.000166345,0.000166345,0.000166345
16,1920.72,0.31824,0.54295,0.65558,0.89789,0,0.9628,0.97415,0.98319,0.97323,0.96094,0.97209,0.98092,0.97322,0.14198,0.25438,0.18504,0.77604,0,0.000165519,0.000165519,0.000165519
17,2040.29,0.31304,0.49786,0.64235,0.89733,0,0.97289,0.96279,0.98346,0.97208,0.97105,0.96073,0.98096,0.97205,0.14917,0.25111,0.19169,0.78084,0,0.000164639,0.000164639,0.000164639
18,2160.11,0.30306,0.49156,0.63253,0.88414,0,0.96299,0.96995,0.98362,0.97176,0.95973,0.96692,0.97858,0.97195,0.15016,0.25219,0.19301,0.77812,0,0.000163706,0.000163706,0.000163706
19,2279.54,0.31709,0.52368,0.62273,0.89664,0,0.96837,0.97717,0.98463,0.97593,0.9664,0.97511,0.98259,0.97492,0.14559,0.23798,0.18095,0.77538,0,0.00016272,0.00016272,0.00016272
20,2399.26,0.31047,0.49577,0.61506,0.89232,0,0.9692,0.96849,0.98231,0.9741,0.96724,0.96644,0.9798,0.97464,0.14821,0.23205,0.19486,0.77838,0,0.000161682,0.000161682,0.000161682
21,2517.84,0.31022,0.49073,0.62513,0.88799,0,0.95955,0.97598,0.98452,0.97258,0.95774,0.97392,0.98226,0.97465,0.14391,0.23215,0.19144,0.77679,0,0.000160593,0.000160593,0.000160593
22,2638.08,0.30539,0.50581,0.60635,0.88613,0,0.97315,0.97089,0.98545,0.9751,0.96881,0.96652,0.98061,0.97505,0.15529,0.24858,0.19967,0.78241,0,0.000159454,0.000159454,0.000159454
23,2757.84,0.31397,0.51577,0.61696,0.89508,0,0.97621,0.97257,0.98472,0.97246,0.97437,0.97051,0.98223,0.97468,0.14739,0.2341,0.1892,0.7814,0,0.000158264,0.000158264,0.000158264
24,2879.18,0.30695,0.52343,0.6071,0.88771,0,0.96321,0.97411,0.98362,0.9725,0.96142,0.97205,0.9809,0.97238,0.14344,0.2344,0.18197,0.77773,0,0.000157026,0.000157026,0.000157026
25,3001.26,0.30261,0.51597,0.60148,0.88982,0,0.97957,0.97012,0.98206,0.97262,0.97759,0.96806,0.98002,0.97299,0.14268,0.2331,0.18045,0.77768,0,0.00015574,0.00015574,0.00015574
26,3122.79,0.30499,0.49744,0.59435,0.88859,0,0.9645,0.97452,0.98481,0.9744,0.96271,0.97246,0.98142,0.97304,0.13749,0.23085,0.18264,0.77313,0,0.000154406,0.000154406,0.000154406
27,3244.49,0.30031,0.49937,0.58003,0.88665,0,0.96514,0.97344,0.98475,0.97453,0.9633,0.97139,0.98181,0.97668,0.14152,0.23748,0.18684,0.77648,0,0.000153026,0.000153026,0.000153026
28,3366.66,0.30065,0.48651,0.58485,0.8886,0,0.97638,0.96997,0.98201,0.9719,0.97428,0.96799,0.97861,0.973,0.14271,0.23667,0.18179,0.776,0,0.000151601,0.000151601,0.000151601
29,3486.77,0.29532,0.4824,0.57105,0.88303,0,0.97679,0.96868,0.98378,0.97333,0.97357,0.96547,0.97867,0.97309,0.13393,0.24893,0.17905,0.77152,0,0.000150131,0.000150131,0.000150131
30,3606.96,0.29895,0.50609,0.57147,0.88533,0,0.97203,0.97149,0.98334,0.97324,0.96997,0.96954,0.98099,0.97456,0.14542,0.23622,0.18419,0.77773,0,0.000148618,0.000148618,0.000148618
31,3727.1,0.28848,0.45651,0.55147,0.88412,0,0.96951,0.97358,0.98298,0.97133,0.9675,0.97152,0.98004,0.97097,0.14544,0.25021,0.17794,0.77782,0,0.000147063,0.000147063,0.000147063
32,3847.69,0.29501,0.47934,0.56047,0.88608,0,0.96421,0.98029,0.98461,0.97222,0.96223,0.97824,0.98144,0.97295,0.14225,0.24423,0.1796,0.77731,0,0.000145467,0.000145467,0.000145467
33,3968.54,0.29505,0.47669,0.57017,0.88468,0,0.97876,0.9742,0.98531,0.97208,0.97674,0.97214,0.98145,0.97597,0.13491,0.23594,0.16846,0.77139,0,0.00014383,0.00014383,0.00014383
34,4089.06,0.29663,0.48752,0.56159,0.89006,0,0.96158,0.97734,0.98538,0.97452,0.95977,0.97528,0.98176,0.9749,0.14082,0.22012,0.17572,0.77691,0,0.000142154,0.000142154,0.000142154
35,4208.96,0.29586,0.47843,0.54526,0.88347,0,0.97371,0.98105,0.9844,0.97473,0.97177,0.979,0.98224,0.97621,0.13327,0.22857,0.17081,0.77747,0,0.00014044,0.00014044,0.00014044
36,4327.08,0.2972,0.46921,0.54738,0.88537,0,0.96757,0.97563,0.98267,0.97201,0.96564,0.97378,0.97881,0.97348,0.14107,0.23515,0.18736,0.77803,0,0.00013869,0.00013869,0.00013869
37,4446.34,0.28896,0.48135,0.53556,0.88458,0,0.9724,0.97898,0.98487,0.97497,0.97059,0.97692,0.98229,0.97794,0.13402,0.23301,0.16762,0.77308,0,0.000136904,0.000136904,0.000136904
38,4567.53,0.29516,0.48723,0.54657,0.88336,0,0.97656,0.97442,0.98463,0.97301,0.97472,0.97236,0.98214,0.97695,0.1379,0.22464,0.16691,0.77595,0,0.000135084,0.000135084,0.000135084
39,4686.84,0.28256,0.47022,0.52094,0.88376,0,0.97447,0.98057,0.98565,0.97643,0.97263,0.97851,0.98203,0.97578,0.13612,0.23363,0.16525,0.77522,0,0.000133231,0.000133231,0.000133231
40,4806.44,0.29352,0.48325,0.53582,0.88718,0,0.97542,0.98024,0.9856,0.97598,0.97359,0.97818,0.98334,0.97676,0.13394,0.23558,0.1634,0.77432,0,0.000131346,0.000131346,0.000131346
41,4924.7,0.29017,0.4769,0.52097,0.88545,0,0.97393,0.97742,0.98579,0.97429,0.972,0.97548,0.98193,0.97675,0.14022,0.23478,0.16884,0.7754,0,0.00012943,0.00012943,0.00012943
42,5044.64,0.28333,0.45974,0.51351,0.88195,0,0.97686,0.97574,0.98465,0.9763,0.97489,0.97368,0.98239,0.97867,0.13432,0.21576,0.1672,0.77157,0,0.000127485,0.000127485,0.000127485
43,5164.46,0.28222,0.46547,0.49425,0.88302,0,0.9722,0.9765,0.98474,0.97393,0.97028,0.97445,0.98248,0.97762,0.13876,0.22922,0.16924,0.78112,0,0.000125513,0.000125513,0.000125513
44,5283.96,0.29283,0.46222,0.51213,0.88435,0,0.97344,0.98149,0.98438,0.97431,0.97156,0.97943,0.98121,0.97554,0.1352,0.22897,0.16893,0.77553,0,0.000123514,0.000123514,0.000123514
45,5404,0.28854,0.46088,0.50781,0.88371,0,0.97395,0.97689,0.98582,0.97666,0.97195,0.97483,0.98378,0.97749,0.13892,0.23499,0.16223,0.78015,0,0.00012149,0.00012149,0.00012149
46,5522.35,0.28353,0.45737,0.50277,0.88194,0,0.97619,0.98171,0.98528,0.97573,0.97435,0.97966,0.98302,0.97738,0.133,0.22388,0.15814,0.77009,0,0.000119442,0.000119442,0.000119442
47,5641.68,0.27897,0.43951,0.4987,0.87638,0,0.97975,0.98448,0.98543,0.9759,0.9778,0.98242,0.98339,0.97625,0.12718,0.21788,0.14235,0.77045,0,0.000117371,0.000117371,0.000117371
48,5761.47,0.27121,0.42638,0.47185,0.87483,0,0.97515,0.98192,0.98545,0.97622,0.97317,0.97986,0.98228,0.97584,0.12493,0.22405,0.15619,0.77218,0,0.00011528,0.00011528,0.00011528
49,5880.94,0.28242,0.44944,0.48469,0.88194,0,0.97682,0.98479,0.98523,0.97363,0.97499,0.98273,0.98138,0.97551,0.12641,0.22087,0.15795,0.77267,0,0.00011317,0.00011317,0.00011317
50,6000.8,0.28284,0.46254,0.49706,0.88804,0,0.9776,0.97965,0.98462,0.97456,0.97576,0.97759,0.98258,0.97591,0.12744,0.2262,0.16134,0.77156,0,0.000111041,0.000111041,0.000111041
51,6118.99,0.28336,0.44753,0.4777,0.87782,0,0.97984,0.98373,0.98506,0.97653,0.97786,0.98167,0.98279,0.97788,0.12795,0.23053,0.15402,0.76983,0,0.000108896,0.000108896,0.000108896
52,6239.12,0.2738,0.42752,0.47402,0.87215,0,0.98002,0.98244,0.98572,0.97642,0.97802,0.98038,0.98345,0.9791,0.12605,0.21286,0.15037,0.77194,0,0.000106736,0.000106736,0.000106736
53,6359.17,0.28005,0.43707,0.48742,0.88108,0,0.97089,0.97906,0.98467,0.97399,0.9689,0.977,0.98081,0.97522,0.1302,0.22318,0.1625,0.77224,0,0.000104562,0.000104562,0.000104562
54,6478.65,0.27592,0.4308,0.45559,0.87644,0,0.9764,0.98193,0.98586,0.97586,0.97457,0.97987,0.98269,0.97728,0.13273,0.22719,0.1466,0.77243,0,0.000102376,0.000102376,0.000102376
55,6598.26,0.27805,0.45208,0.474,0.87902,0,0.97129,0.98616,0.98615,0.97686,0.9693,0.9841,0.98284,0.97619,0.12682,0.23224,0.15157,0.77315,0,0.000100179,0.000100179,0.000100179
56,6716.3,0.27056,0.4276,0.46503,0.87782,0,0.9764,0.98416,0.98705,0.97669,0.97433,0.98223,0.98319,0.97745,0.13272,0.22823,0.14979,0.77129,0,9.7973e-05,9.7973e-05,9.7973e-05
57,6836.21,0.28399,0.44323,0.47602,0.87933,0,0.97551,0.98435,0.98596,0.97713,0.97356,0.9823,0.98305,0.97849,0.12915,0.22337,0.14508,0.77034,0,9.57596e-05,9.57596e-05,9.57596e-05
58,6956.53,0.26939,0.43205,0.46671,0.87263,0,0.97953,0.98449,0.98508,0.97691,0.97753,0.98243,0.98168,0.9769,0.11841,0.21388,0.14377,0.76831,0,9.354e-05,9.354e-05,9.354e-05
59,7076.63,0.28004,0.44528,0.46603,0.88045,0,0.97537,0.97951,0.98532,0.975,0.97326,0.97756,0.98238,0.97655,0.12557,0.22637,0.14417,0.77037,0,9.13159e-05,9.13159e-05,9.13159e-05
60,7196.52,0.27616,0.44153,0.45665,0.88159,0,0.97591,0.98442,0.98581,0.97656,0.97391,0.98242,0.98309,0.97685,0.12382,0.2281,0.14172,0.77087,0,8.90887e-05,8.90887e-05,8.90887e-05
61,7314.83,0.27319,0.43548,0.4622,0.87648,0,0.97498,0.98454,0.98444,0.9752,0.97302,0.98248,0.98218,0.97779,0.12442,0.22316,0.15127,0.77138,0,8.686e-05,8.686e-05,8.686e-05
62,7435.08,0.26932,0.44194,0.46432,0.87614,0,0.97279,0.98412,0.98527,0.97672,0.9707,0.98214,0.98141,0.97734,0.12395,0.21764,0.15055,0.7729,0,8.46313e-05,8.46313e-05,8.46313e-05
63,7554.61,0.26996,0.43315,0.44241,0.87749,0,0.97836,0.98028,0.98606,0.9751,0.97636,0.97823,0.98312,0.97753,0.12659,0.22631,0.14426,0.7742,0,8.24041e-05,8.24041e-05,8.24041e-05
64,7674.36,0.26477,0.41964,0.44903,0.87891,0,0.98055,0.98497,0.98509,0.97746,0.97854,0.98291,0.98215,0.97801,0.11933,0.21811,0.13513,0.76939,0,8.018e-05,8.018e-05,8.018e-05
65,7793.88,0.26473,0.41831,0.42409,0.87124,0,0.98091,0.98478,0.98525,0.97589,0.97889,0.98272,0.98163,0.9763,0.12177,0.23376,0.14369,0.77158,0,7.79604e-05,7.79604e-05,7.79604e-05
66,7911.71,0.26801,0.41785,0.43644,0.87877,0,0.97236,0.97632,0.98437,0.97593,0.97038,0.97426,0.98098,0.97442,0.12172,0.23609,0.15492,0.77228,0,7.5747e-05,7.5747e-05,7.5747e-05
67,8031.41,0.2613,0.41386,0.42856,0.87183,0,0.98118,0.98467,0.98417,0.97528,0.97916,0.98261,0.98146,0.97598,0.12214,0.23419,0.13707,0.77035,0,7.35412e-05,7.35412e-05,7.35412e-05
68,8151.13,0.26263,0.41099,0.42206,0.87699,0,0.97383,0.98161,0.98596,0.97811,0.972,0.97955,0.98279,0.97825,0.11725,0.22419,0.14142,0.76828,0,7.13445e-05,7.13445e-05,7.13445e-05
69,8270.96,0.26922,0.43546,0.4336,0.87515,0,0.98026,0.98298,0.98421,0.97609,0.97827,0.98092,0.98127,0.97629,0.11931,0.22217,0.14207,0.76992,0,6.91584e-05,6.91584e-05,6.91584e-05
70,8389.22,0.26246,0.41541,0.4277,0.87358,0,0.97553,0.98343,0.98454,0.9749,0.97353,0.98137,0.98069,0.97612,0.12064,0.22149,0.1438,0.77072,0,6.69845e-05,6.69845e-05,6.69845e-05
71,8508.88,0.2625,0.41563,0.41834,0.87818,0,0.97891,0.98323,0.98356,0.97472,0.97692,0.98117,0.97994,0.97564,0.11885,0.22373,0.14128,0.76685,0,6.48241e-05,6.48241e-05,6.48241e-05
72,8628.81,0.26606,0.45324,0.43562,0.87328,0,0.9765,0.9845,0.98465,0.97594,0.97447,0.98251,0.98103,0.97719,0.11654,0.21545,0.14212,0.76714,0,6.26789e-05,6.26789e-05,6.26789e-05
73,8749.22,0.26027,0.41722,0.41755,0.87783,0,0.97882,0.98534,0.98608,0.97645,0.97672,0.98331,0.98222,0.97838,0.11897,0.22012,0.13879,0.76834,0,6.05503e-05,6.05503e-05,6.05503e-05
74,8868.92,0.25746,0.40458,0.4129,0.87521,0,0.97697,0.98452,0.98602,0.97677,0.97496,0.98246,0.98216,0.97812,0.11905,0.22166,0.14146,0.76954,0,5.84397e-05,5.84397e-05,5.84397e-05
75,8987.09,0.25833,0.38827,0.39587,0.87199,0,0.97809,0.98341,0.9853,0.97648,0.97607,0.98135,0.98145,0.97652,0.11365,0.2242,0.13491,0.76566,0,5.63486e-05,5.63486e-05,5.63486e-05
76,9107.03,0.25831,0.41095,0.4122,0.86494,0,0.97717,0.9834,0.98562,0.9769,0.97518,0.98134,0.982,0.97644,0.11268,0.22875,0.1359,0.76449,0,5.42783e-05,5.42783e-05,5.42783e-05
77,9226.96,0.24889,0.38499,0.40144,0.86616,0,0.97571,0.98179,0.98641,0.97808,0.97366,0.97984,0.98302,0.97914,0.11189,0.22367,0.13925,0.76445,0,5.22304e-05,5.22304e-05,5.22304e-05
78,9347.02,0.25609,0.4078,0.39106,0.87029,0,0.97706,0.97697,0.98588,0.97789,0.97504,0.97497,0.98226,0.97707,0.11119,0.21799,0.14225,0.76285,0,5.02063e-05,5.02063e-05,5.02063e-05
79,9464.96,0.25403,0.39774,0.38595,0.86523,0,0.97993,0.9835,0.98557,0.97857,0.97782,0.98157,0.98218,0.97771,0.10985,0.22213,0.13444,0.76216,0,4.82072e-05,4.82072e-05,4.82072e-05
80,9585.05,0.25238,0.38766,0.38742,0.86628,0,0.97713,0.98461,0.98475,0.97782,0.97512,0.98255,0.98089,0.97684,0.10983,0.22419,0.13946,0.76177,0,4.62347e-05,4.62347e-05,4.62347e-05
81,9705,0.25183,0.38718,0.3978,0.86887,0,0.9754,0.98467,0.98459,0.97727,0.97341,0.98261,0.98073,0.97668,0.10874,0.21672,0.13848,0.76234,0,4.429e-05,4.429e-05,4.429e-05
82,9825.1,0.25112,0.38669,0.37823,0.86774,0,0.97792,0.98441,0.98585,0.97854,0.97592,0.98235,0.98199,0.97859,0.10741,0.21899,0.13,0.7587,0,4.23745e-05,4.23745e-05,4.23745e-05
83,9943.71,0.2561,0.40635,0.39459,0.86847,0,0.97755,0.98332,0.9846,0.97723,0.9754,0.98134,0.98098,0.97701,0.1067,0.21447,0.12983,0.75802,0,4.04894e-05,4.04894e-05,4.04894e-05
84,10063.3,0.25323,0.37273,0.38293,0.86677,0,0.98017,0.9853,0.98569,0.97854,0.97819,0.98324,0.98253,0.97868,0.10631,0.2163,0.12738,0.75852,0,3.86362e-05,3.86362e-05,3.86362e-05
85,10183.3,0.25169,0.39592,0.39398,0.87047,0,0.97667,0.98165,0.98581,0.97932,0.97466,0.9796,0.98264,0.97924,0.10592,0.21683,0.12875,0.75911,0,3.6816e-05,3.6816e-05,3.6816e-05
86,10303.3,0.24189,0.39534,0.37613,0.859,0,0.9795,0.98187,0.98491,0.97879,0.97748,0.97981,0.98197,0.97916,0.10699,0.21836,0.12645,0.7598,0,3.50301e-05,3.50301e-05,3.50301e-05
87,10430.3,0.24968,0.37643,0.36793,0.87007,0,0.97975,0.98297,0.98645,0.9796,0.97773,0.98091,0.98351,0.98011,0.10688,0.22142,0.12603,0.75968,0,3.32797e-05,3.32797e-05,3.32797e-05
88,10551.5,0.25022,0.41145,0.3765,0.86646,0,0.97935,0.98366,0.98563,0.97899,0.97733,0.9816,0.98223,0.979,0.10563,0.22339,0.12704,0.7587,0,3.1566e-05,3.1566e-05,3.1566e-05
89,10669.9,0.25016,0.38503,0.37472,0.86872,0,0.98014,0.98495,0.98692,0.98029,0.97811,0.9829,0.9842,0.9797,0.10659,0.22199,0.12393,0.76048,0,2.98902e-05,2.98902e-05,2.98902e-05
90,10790.5,0.24554,0.37326,0.37491,0.8664,0,0.98042,0.98404,0.98658,0.97906,0.9784,0.98198,0.98296,0.97899,0.10635,0.22878,0.12727,0.76086,0,2.82535e-05,2.82535e-05,2.82535e-05
91,10910.5,0.24679,0.38912,0.36546,0.86292,0,0.98062,0.97983,0.98656,0.97928,0.97861,0.97777,0.98316,0.97947,0.10683,0.22884,0.12635,0.76069,0,2.66569e-05,2.66569e-05,2.66569e-05
92,11030.8,0.2421,0.40287,0.36373,0.86448,0,0.98072,0.97908,0.98677,0.97944,0.9787,0.97702,0.98338,0.98039,0.10701,0.22426,0.12611,0.76098,0,2.51016e-05,2.51016e-05,2.51016e-05
93,11149.3,0.2448,0.39125,0.36729,0.86693,0,0.98025,0.98184,0.98652,0.97902,0.97823,0.97978,0.9829,0.98027,0.10691,0.22216,0.12289,0.76069,0,2.35886e-05,2.35886e-05,2.35886e-05
94,11269.9,0.24454,0.39637,0.37067,0.86457,0,0.97846,0.9809,0.98602,0.97857,0.97636,0.97892,0.98263,0.97994,0.10635,0.225,0.12347,0.76038,0,2.2119e-05,2.2119e-05,2.2119e-05
95,11390.2,0.24573,0.39229,0.36445,0.86402,0,0.98156,0.97712,0.98628,0.97909,0.97954,0.97506,0.98311,0.98031,0.10558,0.22783,0.12636,0.75997,0,2.06938e-05,2.06938e-05,2.06938e-05
96,11510.5,0.25051,0.39633,0.37062,0.86745,0,0.98167,0.97836,0.98652,0.97959,0.97958,0.9764,0.98313,0.98056,0.10417,0.2199,0.12106,0.75879,0,1.93139e-05,1.93139e-05,1.93139e-05
97,11632,0.24254,0.38426,0.35791,0.86309,0,0.97886,0.98025,0.98576,0.97926,0.97686,0.9782,0.98259,0.9801,0.10516,0.22113,0.12411,0.75993,0,1.79803e-05,1.79803e-05,1.79803e-05
98,11750.7,0.24337,0.38151,0.36606,0.86488,0,0.9791,0.97757,0.98631,0.97985,0.97705,0.9756,0.98314,0.98024,0.10419,0.22233,0.12471,0.75982,0,1.66939e-05,1.66939e-05,1.66939e-05
99,11870.7,0.23929,0.38041,0.34669,0.85983,0,0.98029,0.97859,0.9857,0.97882,0.97819,0.9766,0.98253,0.97945,0.10433,0.22011,0.12464,0.75915,0,1.54556e-05,1.54556e-05,1.54556e-05
100,11990.4,0.24445,0.38515,0.36542,0.86144,0,0.98045,0.97995,0.98603,0.97987,0.97845,0.97789,0.98309,0.9804,0.10315,0.21958,0.12297,0.75852,0,1.42662e-05,1.42662e-05,1.42662e-05
101,12110.5,0.1327,0.21651,0.14268,0.82911,0,0.9788,0.9792,0.98614,0.97744,0.9768,0.97714,0.98228,0.97894,0.10472,0.22524,0.12561,0.75864,0,1.31266e-05,1.31266e-05,1.31266e-05
102,12228.3,0.13699,0.22269,0.14102,0.83768,0,0.98063,0.98274,0.98566,0.97717,0.97854,0.98074,0.98204,0.97833,0.10244,0.22785,0.12085,0.75818,0,1.20375e-05,1.20375e-05,1.20375e-05
103,12348.1,0.13391,0.21273,0.13875,0.8357,0,0.97836,0.97926,0.98534,0.97764,0.97627,0.97728,0.98172,0.97863,0.10203,0.22605,0.12514,0.75777,0,1.09997e-05,1.09997e-05,1.09997e-05
104,12466.9,0.13809,0.22617,0.13993,0.84073,0,0.97464,0.98243,0.98531,0.97755,0.97261,0.98043,0.98169,0.97887,0.10102,0.22333,0.12604,0.75763,0,1.00139e-05,1.00139e-05,1.00139e-05
105,12580.7,0.13501,0.21103,0.13978,0.83755,0,0.97649,0.97966,0.9851,0.97726,0.97444,0.97769,0.98148,0.97878,0.10107,0.22404,0.12621,0.75723,0,9.08074e-06,9.08074e-06,9.08074e-06
106,12696.1,0.13561,0.21978,0.13928,0.83642,0,0.97824,0.98011,0.9854,0.9781,0.97626,0.97805,0.98154,0.97896,0.10029,0.22385,0.12639,0.75729,0,8.2009e-06,8.2009e-06,8.2009e-06
107,12816.3,0.13898,0.2298,0.13367,0.84423,0,0.97913,0.97995,0.98425,0.97742,0.97705,0.97797,0.9804,0.97771,0.09966,0.22211,0.12722,0.75654,0,7.37496e-06,7.37496e-06,7.37496e-06
108,12934.2,0.12656,0.20534,0.13178,0.83064,0,0.97957,0.98027,0.98448,0.97786,0.97748,0.97829,0.98062,0.9776,0.09994,0.22101,0.12515,0.75665,0,6.6035e-06,6.6035e-06,6.6035e-06
109,13053.9,0.13187,0.21692,0.13738,0.83389,0,0.9802,0.981,0.98415,0.97758,0.9781,0.97905,0.9803,0.97738,0.09969,0.21973,0.12298,0.75709,0,5.88705e-06,5.88705e-06,5.88705e-06
110,13173.3,0.1324,0.22089,0.1328,0.84177,0,0.97885,0.98182,0.98441,0.97819,0.97684,0.97976,0.98101,0.97816,0.09948,0.22134,0.12393,0.75669,0,5.22609e-06,5.22609e-06,5.22609e-06
111,13292.7,0.12478,0.20207,0.12839,0.83261,0,0.97798,0.98099,0.98407,0.97794,0.97588,0.979,0.98067,0.97787,0.09915,0.2216,0.12484,0.75678,0,4.62108e-06,4.62108e-06,4.62108e-06
112,13411.9,0.13137,0.20883,0.12759,0.83529,0,0.97859,0.9822,0.98384,0.97765,0.97658,0.98014,0.98022,0.97729,0.09864,0.22263,0.12404,0.75646,0,4.07242e-06,4.07242e-06,4.07242e-06
113,13533.3,0.13103,0.21758,0.1242,0.83846,0,0.97849,0.98236,0.98419,0.97745,0.97648,0.9803,0.98034,0.97727,0.09924,0.22223,0.12184,0.75685,0,3.58051e-06,3.58051e-06,3.58051e-06
114,13655.1,0.12689,0.20775,0.13006,0.83661,0,0.98011,0.9827,0.98402,0.97717,0.9781,0.98064,0.98017,0.97709,0.09891,0.22133,0.12226,0.75672,0,3.14568e-06,3.14568e-06,3.14568e-06
115,13776.7,0.13056,0.20811,0.12986,0.8313,0,0.97918,0.98333,0.98372,0.97651,0.97717,0.98127,0.97987,0.97635,0.0987,0.22175,0.12186,0.75678,0,2.76821e-06,2.76821e-06,2.76821e-06
116,13896,0.12963,0.22384,0.12886,0.83604,0,0.9789,0.98253,0.98373,0.97667,0.97688,0.98047,0.97988,0.97656,0.09876,0.22109,0.12288,0.75687,0,2.44838e-06,2.44838e-06,2.44838e-06
117,14017.3,0.12397,0.20021,0.12403,0.82862,0,0.97939,0.98264,0.98379,0.97681,0.97738,0.98059,0.97994,0.97648,0.09816,0.22161,0.12064,0.75647,0,2.18641e-06,2.18641e-06,2.18641e-06
118,14137.7,0.12825,0.20896,0.12866,0.83076,0,0.97869,0.98242,0.98393,0.97699,0.97668,0.98037,0.98007,0.97664,0.09809,0.22205,0.12177,0.75653,0,1.98246e-06,1.98246e-06,1.98246e-06
119,14257.3,0.12656,0.20446,0.1202,0.83492,0,0.97895,0.9804,0.9838,0.97691,0.97685,0.97873,0.97994,0.97651,0.09772,0.22189,0.12227,0.75624,0,1.83668e-06,1.83668e-06,1.83668e-06
120,14374.6,0.12451,0.20672,0.12367,0.83167,0,0.97813,0.98053,0.9838,0.97699,0.97612,0.97847,0.97994,0.97655,0.09747,0.22092,0.12297,0.75595,0,1.74918e-06,1.74918e-06,1.74918e-06
